Const,Created,Description,Title,Original Title,URL,Title Type,Genres,Your Rating,Date Rated,Formato
tt0480249,2016-02-21,,Soy leyenda,I Am Legend,https://www.imdb.com/title/tt0480249/,Película,"Drama, Terror, Ciencia ficción, Suspense",9,2016-02-22,br
tt0479884,2016-02-21,,Crank: Veneno en la sangre,Crank,https://www.imdb.com/title/tt0479884/,Película,"Acción, Crimen, Suspense",8,2014-11-30,br
tt0133093,2016-02-21,,Matrix,The Matrix,https://www.imdb.com/title/tt0133093/,Película,"Acción, Ciencia ficción",9,2016-02-22,br
tt0234215,2016-02-21,,Matrix Reloaded,The Matrix Reloaded,https://www.imdb.com/title/tt0234215/,Película,"Acción, Ciencia ficción",7,2016-02-22,br
tt0242653,2016-02-21,,Matrix Revolutions,The Matrix Revolutions,https://www.imdb.com/title/tt0242653/,Película,"Acción, Ciencia ficción",6,2016-02-22,br
tt0936501,2016-02-21,,Venganza,Taken,https://www.imdb.com/title/tt0936501/,Película,"Acción, Crimen, Suspense",8,2016-02-22,br
tt1397280,2016-02-21,,Venganza: Conexión Estambul,Taken 2,https://www.imdb.com/title/tt1397280/,Película,"Acción, Crimen, Suspense",6,2014-04-29,br
tt2446042,2016-02-21,,V3nganza,Taken 3,https://www.imdb.com/title/tt2446042/,Película,"Acción, Crimen, Suspense",7,2015-12-17,br
tt1320253,2016-02-21,,Los mercenarios,The Expendables,https://www.imdb.com/title/tt1320253/,Película,"Acción, Aventura, Suspense",8,2016-02-22,br
tt1764651,2016-02-21,,Los mercenarios 2,The Expendables 2,https://www.imdb.com/title/tt1764651/,Película,"Acción, Aventura, Suspense",8,2016-02-22,br
tt0110912,2016-02-21,,Pulp Fiction,Pulp Fiction,https://www.imdb.com/title/tt0110912/,Película,"Crimen, Drama",9,2013-01-09,br
tt1205489,2016-02-21,,Gran Torino,Gran Torino,https://www.imdb.com/title/tt1205489/,Película,Drama,9,2016-02-24,br
tt0373469,2016-02-21,,"Kiss Kiss, Bang Bang",Kiss Kiss Bang Bang,https://www.imdb.com/title/tt0373469/,Película,"Comedia, Crimen, Misterio, Suspense",8,2012-05-19,br
tt1032755,2016-02-21,,RocknRolla,RocknRolla,https://www.imdb.com/title/tt1032755/,Película,"Acción, Crimen, Suspense",6,2016-02-22,br
tt0112573,2016-02-21,,Braveheart,Braveheart,https://www.imdb.com/title/tt0112573/,Película,"Biografía, Drama, Bélico",7,2015-01-10,br
tt1236472,2016-02-21,,Lemmy,Lemmy,https://www.imdb.com/title/tt1236472/,Película,"Documental, Biografía, Música",8,2025-11-12,br
tt0139654,2016-02-21,,Training Day (Día de entrenamiento),Training Day,https://www.imdb.com/title/tt0139654/,Película,"Crimen, Drama, Suspense",10,2024-09-13,br
tt0118971,2016-02-21,,Pactar con el diablo,The Devil's Advocate,https://www.imdb.com/title/tt0118971/,Película,"Drama, Fantasía, Misterio, Suspense",8,2012-07-17,br
tt0477080,2016-02-21,,Imparable,Unstoppable,https://www.imdb.com/title/tt0477080/,Película,"Acción, Suspense",7,2013-10-05,br
tt0328107,2016-02-21,,El fuego de la venganza,Man on Fire,https://www.imdb.com/title/tt0328107/,Película,"Acción, Crimen, Drama, Suspense",7,2013-10-26,br
tt1535109,2016-02-21,,Capitán Phillips,Captain Phillips,https://www.imdb.com/title/tt1535109/,Película,"Acción, Biografía, Crimen, Drama, Suspense",8,2014-03-17,br
tt0087363,2016-02-21,,Gremlins,Gremlins,https://www.imdb.com/title/tt0087363/,Película,"Comedia, Fantasía, Terror",7,2018-12-12,br
tt0099700,2016-02-21,,Gremlins 2: La nueva generación,Gremlins 2: The New Batch,https://www.imdb.com/title/tt0099700/,Película,"Comedia, Fantasía, Terror",8,2018-12-12,br
tt1197624,2016-02-21,,Un ciudadano ejemplar,Law Abiding Citizen,https://www.imdb.com/title/tt1197624/,Película,"Acción, Crimen, Drama, Suspense",7,2016-02-22,br
tt1401152,2016-02-21,,Sin identidad,Unknown,https://www.imdb.com/title/tt1401152/,Película,"Acción, Misterio, Suspense",7,2016-02-22,br
tt1980209,2016-02-21,,Dolor y dinero,Pain & Gain,https://www.imdb.com/title/tt1980209/,Película,"Acción, Biografía, Comedia, Crimen, Drama, Misterio",8,2013-10-29,br
tt0086250,2016-02-21,,El precio del poder,Scarface,https://www.imdb.com/title/tt0086250/,Película,"Crimen, Drama",8,2013-08-05,br
tt0078748,2016-02-21,,"Alien, el octavo pasajero",Alien,https://www.imdb.com/title/tt0078748/,Película,"Terror, Ciencia ficción",8,2012-04-18,br
tt0090605,2016-02-21,,Aliens: El regreso,Aliens,https://www.imdb.com/title/tt0090605/,Película,"Acción, Aventura, Terror, Ciencia ficción, Suspense",7,2012-04-19,br
tt0103644,2016-02-21,,Alien³,Alien³,https://www.imdb.com/title/tt0103644/,Película,"Acción, Terror, Ciencia ficción",6,2016-02-22,br
tt0118583,2016-02-21,,Alien Resurrección,Alien: Resurrection,https://www.imdb.com/title/tt0118583/,Película,"Acción, Terror, Ciencia ficción",6,2016-02-22,br
tt1446714,2016-02-21,,Prometheus,Prometheus,https://www.imdb.com/title/tt1446714/,Película,"Aventura, Ciencia ficción",7,2016-02-22,br
tt0319262,2016-02-21,,El día de mañana,The Day After Tomorrow,https://www.imdb.com/title/tt0319262/,Película,"Acción, Aventura, Ciencia ficción, Suspense",6,2014-08-27,br
tt0116629,2016-02-21,,Independence Day,Independence Day,https://www.imdb.com/title/tt0116629/,Película,"Acción, Aventura, Ciencia ficción",8,2014-08-27,br
tt1706593,2016-02-21,,Chronicle,Chronicle,https://www.imdb.com/title/tt1706593/,Película,"Aventura, Drama, Ciencia ficción, Suspense",6,2014-08-24,br
tt1616195,2016-02-21,,J. Edgar,J. Edgar,https://www.imdb.com/title/tt1616195/,Película,"Biografía, Drama, Romance",6,2015-01-06,br
tt1375666,2016-02-21,,Origen,Inception,https://www.imdb.com/title/tt1375666/,Película,"Acción, Aventura, Ciencia ficción, Suspense",9,2021-10-02,br
tt0450259,2016-02-21,,Diamante de sangre,Blood Diamond,https://www.imdb.com/title/tt0450259/,Película,"Aventura, Drama, Suspense",5,2016-02-22,br
tt0407887,2016-02-21,,Infiltrados,The Departed,https://www.imdb.com/title/tt0407887/,Película,"Crimen, Drama, Suspense",7,2015-01-03,br
tt0405159,2016-02-21,,Million Dollar Baby,Million Dollar Baby,https://www.imdb.com/title/tt0405159/,Película,"Drama, Deporte",9,2013-12-30,br
tt1409024,2016-02-21,,Men in Black 3,Men in Black³,https://www.imdb.com/title/tt1409024/,Película,"Acción, Aventura, Comedia, Ciencia ficción",7,2016-02-22,br
tt2179136,2016-02-21,,El francotirador,American Sniper,https://www.imdb.com/title/tt2179136/,Película,"Acción, Biografía, Drama, Bélico",8,2015-05-18,br
tt2172935,2016-02-21,,Metallica Through the Never,Metallica Through the Never,https://www.imdb.com/title/tt2172935/,Película,Música,9,2013-10-11,br
tt2576014,2016-02-21,,Metallica: Quebec Magnetic,Metallica: Quebec Magnetic,https://www.imdb.com/title/tt2576014/,Vídeo,Música,8,2016-02-22,br
tt1542344,2016-02-21,,127 horas,127 Hours,https://www.imdb.com/title/tt1542344/,Película,"Biografía, Drama",8,2013-10-19,br
tt0137523,2016-02-21,,El club de la lucha,Fight Club,https://www.imdb.com/title/tt0137523/,Película,"Crimen, Drama, Suspense",9,2016-02-22,br
tt0120660,2016-02-21,,Enemigo público,Enemy of the State,https://www.imdb.com/title/tt0120660/,Película,"Acción, Suspense",9,2013-05-11,br
tt0758774,2016-02-21,,Red de mentiras,Body of Lies,https://www.imdb.com/title/tt0758774/,Película,"Acción, Drama, Suspense",7,2014-09-13,br
tt0371724,2016-02-21,,Guía del autoestopista galáctico,The Hitchhiker's Guide to the Galaxy,https://www.imdb.com/title/tt0371724/,Película,"Aventura, Comedia, Ciencia ficción",8,2016-02-22,br
tt2306299,2016-02-21,,Vikingos,Vikings,https://www.imdb.com/title/tt2306299/,Serie,"Acción, Aventura, Drama, Historia, Romance, Bélico",9,2016-02-24,br
tt0416449,2016-02-27,,300,300,https://www.imdb.com/title/tt0416449/,Película,"Acción, Drama",8,2020-06-13,br
tt1253863,2016-02-27,,300: El origen de un imperio,300: Rise of an Empire,https://www.imdb.com/title/tt1253863/,Película,"Acción, Drama, Fantasía",6,2016-08-23,br
tt0499549,2016-04-17,,Avatar,Avatar,https://www.imdb.com/title/tt0499549/,Película,"Acción, Aventura, Fantasía, Ciencia ficción",8,2016-08-23,br
tt0903747,2016-04-17,,Breaking Bad,Breaking Bad,https://www.imdb.com/title/tt0903747/,Serie,"Crimen, Drama, Suspense",10,2020-06-13,br
tt1272878,2016-05-01,,2 Guns,2 Guns,https://www.imdb.com/title/tt1272878/,Película,"Acción, Comedia, Crimen, Suspense",8,2013-11-09,br
tt0455944,2016-05-01,,The Equalizer. El protector,The Equalizer,https://www.imdb.com/title/tt0455944/,Película,"Acción, Crimen, Suspense",8,2020-05-23,br
tt0454848,2016-06-08,,Plan oculto,Inside Man,https://www.imdb.com/title/tt0454848/,Película,"Crimen, Drama, Misterio, Suspense",8,2013-08-19,br
tt1656190,2016-06-08,,Safe,Safe,https://www.imdb.com/title/tt1656190/,Película,"Acción, Crimen, Suspense",7,2016-08-04,br
tt0472399,2016-06-08,,The Mechanic,The Mechanic,https://www.imdb.com/title/tt0472399/,Película,"Acción, Crimen, Suspense",7,2016-06-05,br
tt1156398,2016-06-08,,Bienvenidos a Zombieland,Zombieland,https://www.imdb.com/title/tt1156398/,Película,"Acción, Comedia, Terror",8,2013-04-25,br
tt0446029,2016-07-16,,Scott Pilgrim contra el mundo,Scott Pilgrim vs. the World,https://www.imdb.com/title/tt0446029/,Película,"Acción, Comedia, Fantasía, Romance",8,2016-08-04,br
tt1411250,2016-08-04,,Riddick,Riddick,https://www.imdb.com/title/tt1411250/,Película,"Acción, Aventura, Ciencia ficción, Suspense",8,2013-12-23,br
tt1904996,2016-08-04,,Parker,Parker,https://www.imdb.com/title/tt1904996/,Película,"Acción, Crimen, Suspense",7,2013-05-13,br
tt1091191,2016-08-04,,El único superviviente,Lone Survivor,https://www.imdb.com/title/tt1091191/,Película,"Acción, Biografía, Drama, Bélico",7,2014-03-27,br
tt0068646,2016-08-06,,El padrino,The Godfather,https://www.imdb.com/title/tt0068646/,Película,"Crimen, Drama",9,2016-08-23,br
tt0434409,2016-08-23,,V de vendetta,V for Vendetta,https://www.imdb.com/title/tt0434409/,Película,"Acción, Drama, Ciencia ficción, Suspense",8,2013-01-09,br
tt1063669,2016-08-23,,La ola,Die Welle,https://www.imdb.com/title/tt1063669/,Película,"Drama, Suspense",9,2016-08-19,br
tt0325980,2016-12-02,,Piratas del Caribe: La maldición de la Perla Negra,Pirates of the Caribbean: The Curse of the Black Pearl,https://www.imdb.com/title/tt0325980/,Película,"Acción, Aventura, Fantasía",7,2017-01-19,br
tt1298650,2016-12-02,,Piratas del Caribe: En mareas misteriosas,Pirates of the Caribbean: On Stranger Tides,https://www.imdb.com/title/tt1298650/,Película,"Acción, Aventura, Fantasía",7,2017-01-20,br
tt0383574,2016-12-02,,Piratas del Caribe: El cofre del hombre muerto,Pirates of the Caribbean: Dead Man's Chest,https://www.imdb.com/title/tt0383574/,Película,"Acción, Aventura, Fantasía",7,2017-01-19,br
tt0449088,2016-12-02,,Piratas del Caribe: En el fin del mundo,Pirates of the Caribbean: At World's End,https://www.imdb.com/title/tt0449088/,Película,"Acción, Aventura, Fantasía",6,2017-01-19,br
tt1712261,2016-12-02,,Triple 9,Triple 9,https://www.imdb.com/title/tt1712261/,Película,"Acción, Crimen, Drama, Suspense",8,2016-05-23,br
tt0134847,2016-12-02,,Pitch Black,Pitch Black,https://www.imdb.com/title/tt0134847/,Película,"Terror, Ciencia ficción, Suspense",8,2021-03-19,br
tt0293662,2016-12-02,,Transporter,The Transporter,https://www.imdb.com/title/tt0293662/,Película,"Acción, Crimen, Suspense",7,2012-04-19,br
tt0388482,2016-12-02,,Transporter 2,Transporter 2,https://www.imdb.com/title/tt0388482/,Película,"Acción, Suspense",6,2017-01-09,br
tt0486946,2017-01-04,,Cerdos salvajes: Con un par... de ruedas,Wild Hogs,https://www.imdb.com/title/tt0486946/,Película,"Acción, Aventura, Comedia",6,2017-01-19,br
tt0200550,2017-01-04,,El bar Coyote,Coyote Ugly,https://www.imdb.com/title/tt0200550/,Película,"Comedia, Drama, Música, Romance",5,2017-01-09,br
tt0292506,2017-01-04,,La prueba,The Recruit,https://www.imdb.com/title/tt0292506/,Película,"Acción, Suspense",7,2017-01-09,br
tt0322259,2017-01-15,,2 Fast 2 Furious: A todo gas 2,2 Fast 2 Furious,https://www.imdb.com/title/tt0322259/,Película,"Acción, Crimen, Suspense",7,2017-01-19,br
tt0232500,2017-01-19,,The Fast and the Furious (A todo gas),The Fast and the Furious,https://www.imdb.com/title/tt0232500/,Película,"Acción, Crimen, Suspense",8,2013-02-17,br
tt0463985,2017-01-19,,A todo gas: Tokyo Race,The Fast and the Furious: Tokyo Drift,https://www.imdb.com/title/tt0463985/,Película,"Acción, Crimen, Suspense",7,2017-01-22,br
tt1013752,2017-01-19,,Fast & Furious: Aún más rápido,Fast & Furious,https://www.imdb.com/title/tt1013752/,Película,"Acción, Suspense",8,2014-01-03,br
tt1596343,2017-01-19,,Fast & Furious 5,Fast Five,https://www.imdb.com/title/tt1596343/,Película,"Acción, Crimen, Suspense",7,2013-08-06,br
tt1905041,2017-01-19,,Fast & Furious 6,Furious 6,https://www.imdb.com/title/tt1905041/,Película,"Acción, Suspense",8,2013-08-03,br
tt2820852,2017-01-19,,Fast & Furious 7,Fast & Furious 7,https://www.imdb.com/title/tt2820852/,Película,"Acción, Suspense",7,2017-03-29,br
tt2582802,2017-02-23,,Whiplash,Whiplash,https://www.imdb.com/title/tt2582802/,Película,"Drama, Música",8,2017-03-29,br
tt0993846,2017-02-23,,El lobo de Wall Street,The Wolf of Wall Street,https://www.imdb.com/title/tt0993846/,Película,"Biografía, Comedia, Crimen, Drama",8,2017-03-29,br
tt0295701,2017-02-23,,xXx,xXx,https://www.imdb.com/title/tt0295701/,Película,"Acción, Aventura, Drama, Suspense",7,2017-03-29,br
tt1242422,2017-03-19,,Celda 211,Celda 211,https://www.imdb.com/title/tt1242422/,Película,"Acción, Crimen, Drama, Suspense",8,2017-03-21,br
tt1837703,2017-03-19,,El quinto poder,The Fifth Estate,https://www.imdb.com/title/tt1837703/,Película,"Biografía, Crimen, Drama, Suspense",7,2017-05-01,br
tt0240772,2017-04-05,,Ocean's Eleven: Hagan juego,Ocean's Eleven,https://www.imdb.com/title/tt0240772/,Película,"Crimen, Suspense",8,2013-08-05,br
tt0349903,2017-04-05,,Ocean's Twelve. Uno más entra en juego,Ocean's Twelve,https://www.imdb.com/title/tt0349903/,Película,"Crimen, Suspense",5,2017-04-05,br
tt0496806,2017-04-05,,Ocean's 13,Ocean's Thirteen,https://www.imdb.com/title/tt0496806/,Película,"Crimen, Suspense",7,2017-05-01,br
tt0472043,2017-04-07,,Apocalypto,Apocalypto,https://www.imdb.com/title/tt0472043/,Película,"Acción, Aventura, Drama, Suspense",9,2017-04-06,br
tt0296572,2017-04-23,,Las crónicas de Riddick,The Chronicles of Riddick,https://www.imdb.com/title/tt0296572/,Película,"Acción, Aventura, Ciencia ficción, Suspense",8,2013-12-29,br
tt0816692,2017-04-29,,Interstellar,Interstellar,https://www.imdb.com/title/tt0816692/,Película,"Aventura, Drama, Ciencia ficción",9,2025-08-23,br
tt0361748,2017-04-29,,Malditos bastardos,Inglourious Basterds,https://www.imdb.com/title/tt0361748/,Película,"Aventura, Drama, Bélico",8,2017-05-11,br
tt1398426,2017-05-23,,Straight Outta Compton,Straight Outta Compton,https://www.imdb.com/title/tt1398426/,Película,"Biografía, Drama, Historia, Música, Musical",8,2017-03-21,br
tt1136608,2017-05-30,,Distrito 9,District 9,https://www.imdb.com/title/tt1136608/,Película,"Acción, Ciencia ficción, Suspense",8,2017-06-01,br
tt0365748,2017-05-30,,Zombies Party (Una noche... de muerte),Shaun of the Dead,https://www.imdb.com/title/tt0365748/,Película,"Comedia, Terror",8,2017-06-01,br
tt0116996,2017-09-03,,Mars Attacks!,Mars Attacks!,https://www.imdb.com/title/tt0116996/,Película,"Comedia, Ciencia ficción",7,2017-09-03,br
tt2267998,2017-11-23,,Perdida,Gone Girl,https://www.imdb.com/title/tt2267998/,Película,"Drama, Misterio, Suspense",7,2015-01-03,br
tt0454921,2017-12-11,,En busca de la felicidad,The Pursuit of Happyness,https://www.imdb.com/title/tt0454921/,Película,"Biografía, Drama",10,2020-06-13,br
tt3659388,2018-01-27,,Marte (The Martian),The Martian,https://www.imdb.com/title/tt3659388/,Película,"Aventura, Drama, Ciencia ficción",7,2016-01-13,br
tt0765429,2018-03-02,,American Gangster,American Gangster,https://www.imdb.com/title/tt0765429/,Película,"Biografía, Crimen, Drama",8,2018-03-03,br
tt0109830,2018-05-04,,Forrest Gump,Forrest Gump,https://www.imdb.com/title/tt0109830/,Película,"Drama, Romance",9,2014-06-01,br
tt0107290,2018-05-29,,Jurassic Park (Parque Jurásico),Jurassic Park,https://www.imdb.com/title/tt0107290/,Película,"Acción, Aventura, Ciencia ficción, Suspense",9,2017-08-12,br
tt0119567,2018-05-29,,El mundo perdido: Jurassic Park,The Lost World: Jurassic Park,https://www.imdb.com/title/tt0119567/,Película,"Acción, Aventura, Ciencia ficción",8,2018-06-07,br
tt0163025,2018-05-29,,Jurassic Park III (Parque Jurásico III),Jurassic Park III,https://www.imdb.com/title/tt0163025/,Película,"Acción, Aventura, Ciencia ficción, Suspense",6,2018-06-11,br
tt0369610,2018-05-29,,Jurassic World,Jurassic World,https://www.imdb.com/title/tt0369610/,Película,"Acción, Aventura, Ciencia ficción",6,2015-10-15,br
tt1129442,2018-06-09,,Transporter 3,Transporter 3,https://www.imdb.com/title/tt1129442/,Película,"Acción, Suspense",7,2018-06-09,br
tt2316204,2018-07-06,,Alien: Covenant,Alien: Covenant,https://www.imdb.com/title/tt2316204/,Película,"Terror, Ciencia ficción, Suspense",7,2018-07-06,br
tt0327056,2018-09-04,,Mystic River,Mystic River,https://www.imdb.com/title/tt0327056/,Película,"Crimen, Drama, Misterio, Suspense",8,2019-03-24,br
tt0498380,2018-09-04,,Cartas desde Iwo Jima,Letters from Iwo Jima,https://www.imdb.com/title/tt0498380/,Película,"Acción, Aventura, Drama, Historia, Bélico",8,2022-02-18,br
tt0418689,2018-09-04,,Banderas de nuestros padres,Flags of Our Fathers,https://www.imdb.com/title/tt0418689/,Película,"Acción, Aventura, Drama, Historia, Bélico",7,2018-09-25,br
tt0105695,2018-09-04,,Sin perdón,Unforgiven,https://www.imdb.com/title/tt0105695/,Película,"Drama, Del oeste",7,2018-09-26,br
tt0112579,2018-09-04,,Los puentes de Madison,The Bridges of Madison County,https://www.imdb.com/title/tt0112579/,Película,"Drama, Romance",8,2020-03-19,br
tt1057500,2018-09-04,,Invictus,Invictus,https://www.imdb.com/title/tt1057500/,Película,"Biografía, Drama, Historia, Deporte",7,2019-03-31,br
tt0113497,2018-09-15,,Jumanji,Jumanji,https://www.imdb.com/title/tt0113497/,Película,"Aventura, Comedia, Familiar, Fantasía",8,2019-10-08,br
tt0370263,2018-09-20,,Alien vs. Predator,AVP: Alien vs. Predator,https://www.imdb.com/title/tt0370263/,Película,"Acción, Aventura, Terror, Ciencia ficción, Suspense",7,2018-09-22,br
tt0095016,2018-09-20,,Jungla de cristal,Die Hard,https://www.imdb.com/title/tt0095016/,Película,"Acción, Suspense",8,2012-04-16,br
tt1285016,2018-09-25,,La red social,The Social Network,https://www.imdb.com/title/tt1285016/,Película,"Biografía, Drama",7,2017-05-01,br
tt0343818,2018-11-22,,"Yo, robot","I, Robot",https://www.imdb.com/title/tt0343818/,Película,"Acción, Misterio, Ciencia ficción, Suspense",8,2017-04-10,br
tt1454468,2018-11-22,,Gravity,Gravity,https://www.imdb.com/title/tt1454468/,Película,"Drama, Ciencia ficción, Suspense",7,2014-02-18,br
tt0112442,2018-11-22,,Dos policías rebeldes (Bad Boys),Bad Boys,https://www.imdb.com/title/tt0112442/,Película,"Acción, Comedia, Crimen, Suspense",7,2012-04-26,br
tt0172156,2018-11-22,,Dos policías rebeldes II,Bad Boys II,https://www.imdb.com/title/tt0172156/,Película,"Acción, Comedia, Crimen, Suspense",7,2017-04-10,br
tt1259528,2018-12-08,,Juego de ladrones: El atraco perfecto,Den of Thieves,https://www.imdb.com/title/tt1259528/,Película,"Acción, Crimen, Drama, Suspense",8,2018-04-13,br
tt0289043,2018-12-08,,28 días después,28 Days Later,https://www.imdb.com/title/tt0289043/,Película,"Drama, Terror, Ciencia ficción, Suspense",8,2024-03-30,br
tt0448157,2018-12-18,,Hancock,Hancock,https://www.imdb.com/title/tt0448157/,Película,"Acción, Comedia, Drama, Fantasía",6,2019-01-12,br
tt1250777,2018-12-18,,Kick-Ass: Listo para machacar,Kick-Ass,https://www.imdb.com/title/tt1250777/,Película,"Acción, Comedia, Crimen",6,2019-05-20,br
tt1650554,2018-12-18,,Kick Ass 2: Con un par,Kick-Ass 2,https://www.imdb.com/title/tt1650554/,Película,"Acción, Comedia, Crimen, Drama, Suspense",6,2013-12-01,br
tt2955316,2019-01-18,,Ocho apellidos vascos,Ocho apellidos vascos,https://www.imdb.com/title/tt2955316/,Película,"Comedia, Romance",8,2025-01-11,br
tt3626742,2019-01-18,,Ocho apellidos catalanes,Ocho apellidos catalanes,https://www.imdb.com/title/tt3626742/,Película,"Comedia, Romance",7,2020-06-04,br
tt2380307,2019-01-18,,Coco,Coco,https://www.imdb.com/title/tt2380307/,Película,"Animación, Aventura, Drama, Familiar, Fantasía, Música, Misterio",8,2018-04-14,br
tt0071562,2019-02-23,,El padrino parte II,The Godfather Part II,https://www.imdb.com/title/tt0071562/,Película,"Crimen, Drama",8,2024-10-21,br
tt0099674,2019-02-23,,El padrino parte III,The Godfather Part III,https://www.imdb.com/title/tt0099674/,Película,"Crimen, Drama",,,br
tt1297919,2019-02-23,,Blitz,Blitz,https://www.imdb.com/title/tt1297919/,Película,"Acción, Aventura, Crimen, Misterio, Suspense",6,2012-05-29,br
tt0435761,2019-03-28,,Toy Story 3,Toy Story 3,https://www.imdb.com/title/tt0435761/,Película,"Animación, Aventura, Comedia, Familiar, Fantasía",8,2020-06-13,br
tt1790809,2019-03-28,,Piratas del Caribe: La venganza de Salazar,Pirates of the Caribbean: Dead Men Tell No Tales,https://www.imdb.com/title/tt1790809/,Película,"Acción, Aventura, Fantasía",7,2019-04-02,br
tt0099423,2019-03-31,,La jungla 2 (Alerta roja),Die Hard 2,https://www.imdb.com/title/tt0099423/,Película,"Acción, Suspense",6,2012-04-16,br
tt0112864,2019-03-31,,Jungla de cristal: La venganza,Die Hard with a Vengeance,https://www.imdb.com/title/tt0112864/,Película,"Acción, Aventura, Suspense",8,2012-04-16,br
tt0337978,2019-03-31,,La jungla 4.0,Live Free or Die Hard,https://www.imdb.com/title/tt0337978/,Película,"Acción, Suspense",8,2012-04-16,br
tt1606378,2019-03-31,,La jungla: Un buen día para morir,A Good Day to Die Hard,https://www.imdb.com/title/tt1606378/,Película,"Acción, Suspense",6,2018-10-15,br
tt1111422,2019-05-08,,Asalto al tren Pelham 1 2 3,The Taking of Pelham 123,https://www.imdb.com/title/tt1111422/,Película,"Acción, Crimen, Suspense",7,2013-01-09,br
tt0970416,2019-05-08,,Ultimátum a la Tierra,The Day the Earth Stood Still,https://www.imdb.com/title/tt0970416/,Película,"Aventura, Drama, Ciencia ficción, Suspense",6,2019-05-12,br
tt6793580,2019-05-08,,Campeones,Campeones,https://www.imdb.com/title/tt6793580/,Película,"Comedia, Drama, Familiar, Deporte",9,2018-10-22,br
tt1462758,2019-07-24,,Buried,Buried,https://www.imdb.com/title/tt1462758/,Película,"Drama, Misterio, Suspense",8,2023-04-03,br
tt0110475,2019-09-25,,La máscara,The Mask,https://www.imdb.com/title/tt0110475/,Película,"Comedia, Crimen, Fantasía",8,2019-09-25,br
tt1548850,2019-09-25,,Misfits,Misfits,https://www.imdb.com/title/tt1548850/,Serie,"Comedia, Drama, Fantasía, Romance, Ciencia ficción",6,2019-11-26,br
tt1559549,2019-10-23,,Restrepo,Restrepo,https://www.imdb.com/title/tt1559549/,Película,"Documental, Biografía, Historia, Bélico",8,2020-07-14,br
tt2109059,2019-10-23,,Vietnam. Los archivos perdidos,Vietnam in HD,https://www.imdb.com/title/tt2109059/,MiniSerie,"Documental, Historia, Bélico",8,2019-11-26,br
tt2861424,2019-10-23,,Rick y Morty,Rick and Morty,https://www.imdb.com/title/tt2861424/,Serie,"Animación, Aventura, Comedia, Ciencia ficción",10,2021-03-03,br
tt0120815,2019-11-13,,Salvar al soldado Ryan,Saving Private Ryan,https://www.imdb.com/title/tt0120815/,Película,"Drama, Bélico",8,2013-04-08,br
tt0351977,2019-11-13,,Pisando fuerte,Walking Tall,https://www.imdb.com/title/tt0351977/,Película,"Acción, Crimen",7,2013-11-08,br
tt0306414,2019-11-27,,The Wire (Bajo escucha),The Wire,https://www.imdb.com/title/tt0306414/,Serie,"Crimen, Drama, Suspense",10,2020-09-19,br
tt3766354,2019-11-27,,The Equalizer 2,The Equalizer 2,https://www.imdb.com/title/tt3766354/,Película,"Acción, Crimen, Misterio, Suspense",7,2019-12-05,br
tt1727824,2019-11-27,,Bohemian Rhapsody,Bohemian Rhapsody,https://www.imdb.com/title/tt1727824/,Película,"Biografía, Drama, Música",8,2020-10-25,br
tt1431045,2019-11-27,,Deadpool,Deadpool,https://www.imdb.com/title/tt1431045/,Película,"Acción, Comedia, Ciencia ficción",7,2016-04-28,br
tt5463162,2019-11-27,,Deadpool 2,Deadpool 2,https://www.imdb.com/title/tt5463162/,Película,"Acción, Aventura, Comedia, Ciencia ficción",7,2018-10-08,br
tt0120586,2020-01-29,,American History X,American History X,https://www.imdb.com/title/tt0120586/,Película,"Crimen, Drama",9,2013-12-30,br
tt5442430,2020-02-10,,Life: Vida,Life,https://www.imdb.com/title/tt5442430/,Película,"Terror, Ciencia ficción, Suspense",8,2017-06-20,br
tt0368909,2020-02-10,,Ong Bak,Ong-Bak,https://www.imdb.com/title/tt0368909/,Película,"Acción, Crimen, Suspense",8,2011-03-22,br
tt0183649,2020-02-10,,Última llamada,Phone Booth,https://www.imdb.com/title/tt0183649/,Película,"Crimen, Suspense",8,2018-10-19,br
tt6966692,2020-06-01,,Green Book,Green Book,https://www.imdb.com/title/tt6966692/,Película,"Biografía, Comedia, Drama, Música",10,2020-06-13,br
tt4630562,2020-06-01,,Fast & Furious 8,The Fate of the Furious,https://www.imdb.com/title/tt4630562/,Película,"Acción, Crimen, Suspense",6,2023-04-07,br
tt1068242,2020-08-20,,Footloose,Footloose,https://www.imdb.com/title/tt1068242/,Película,"Comedia, Drama, Música, Romance",7,2013-01-15,br
tt1217613,2020-08-20,,Invasión a la Tierra,Battle: Los Angeles,https://www.imdb.com/title/tt1217613/,Película,"Acción, Aventura, Ciencia ficción",7,2022-09-30,br
tt1355644,2020-08-20,,Passengers,Passengers,https://www.imdb.com/title/tt1355644/,Película,"Drama, Romance, Ciencia ficción, Suspense",8,2023-01-03,br
tt2883512,2020-08-20,,Chef,Chef,https://www.imdb.com/title/tt2883512/,Película,"Aventura, Comedia, Drama",8,2014-09-07,br
tt10765852,2020-08-31,,Metallica & San Francisco Symphony - S&M2,Metallica & San Francisco Symphony - S&M2,https://www.imdb.com/title/tt10765852/,Película,"Documental, Música",8,2020-12-14,br
tt3774114,2020-09-28,,Snowden,Snowden,https://www.imdb.com/title/tt3774114/,Película,"Biografía, Crimen, Drama, Suspense",8,2016-12-26,br
tt4881806,2020-09-29,,Jurassic World: El reino caído,Jurassic World: Fallen Kingdom,https://www.imdb.com/title/tt4881806/,Película,"Acción, Aventura, Ciencia ficción",8,2018-09-05,br
tt1038988,2020-11-10,,[REC],[Rec],https://www.imdb.com/title/tt1038988/,Película,"Terror, Misterio, Suspense",7,2012-06-11,br
tt2294449,2020-11-10,,Infiltrados en la universidad,22 Jump Street,https://www.imdb.com/title/tt2294449/,Película,"Acción, Comedia, Crimen, Misterio",8,2014-10-12,br
tt1677720,2020-11-24,,Ready Player One,Ready Player One,https://www.imdb.com/title/tt1677720/,Película,"Acción, Aventura, Ciencia ficción",8,2020-12-05,br
tt0102926,2020-11-24,,El silencio de los corderos,The Silence of the Lambs,https://www.imdb.com/title/tt0102926/,Película,"Crimen, Drama, Terror, Suspense",9,2011-03-28,br
tt0107688,2020-11-24,,Pesadilla antes de Navidad,Tim Burton's the Nightmare Before Christmas,https://www.imdb.com/title/tt0107688/,Película,"Animación, Aventura, Familiar, Fantasía, Musical",8,2022-02-10,br
tt0103639,2020-11-24,,Aladdín,Aladdin,https://www.imdb.com/title/tt0103639/,Película,"Animación, Aventura, Comedia, Familiar, Fantasía, Musical, Romance",,,br
tt3850214,2020-11-24,,Dope,Dope,https://www.imdb.com/title/tt3850214/,Película,"Aventura, Comedia, Crimen, Drama",7,2015-12-13,br
tt4158110,2020-11-27,,Mr. Robot,Mr. Robot,https://www.imdb.com/title/tt4158110/,Serie,"Crimen, Drama, Suspense",9,2020-12-14,br
tt9427166,2020-11-27,,Padre no hay más que uno,Padre no hay más que uno,https://www.imdb.com/title/tt9427166/,Película,"Comedia, Familiar",6,2020-02-01,br
tt11506284,2020-11-27,,Padre no hay más que uno 2: La llegada de la suegra,Padre no hay más que uno 2: La llegada de la suegra,https://www.imdb.com/title/tt11506284/,Película,"Comedia, Familiar",6,2020-12-14,br
tt0246578,2020-11-27,,Donnie Darko,Donnie Darko,https://www.imdb.com/title/tt0246578/,Película,"Drama, Misterio, Ciencia ficción, Suspense",8,2018-04-26,br
tt6105098,2020-11-27,,El rey león,The Lion King,https://www.imdb.com/title/tt6105098/,Película,"Animación, Aventura, Drama, Familiar, Musical",9,2019-10-13,br
tt3794354,2020-11-27,,Sonic: La película,Sonic the Hedgehog,https://www.imdb.com/title/tt3794354/,Película,"Acción, Aventura, Comedia, Familiar, Fantasía, Ciencia ficción",8,2020-03-13,br
tt2333784,2020-11-27,,Los mercenarios 3,The Expendables 3,https://www.imdb.com/title/tt2333784/,Película,"Acción, Aventura, Comedia, Crimen, Suspense",7,2014-10-27,br
tt1560220,2020-11-27,,Zombieland: Mata y remata,Zombieland: Double Tap,https://www.imdb.com/title/tt1560220/,Película,"Acción, Comedia, Terror",7,2020-01-17,br
tt0162222,2020-11-27,,Náufrago,Cast Away,https://www.imdb.com/title/tt0162222/,Película,"Aventura, Drama, Romance",9,2017-04-10,br
tt0120382,2020-11-27,,El show de Truman,The Truman Show,https://www.imdb.com/title/tt0120382/,Película,"Comedia, Drama",8,2013-04-07,br
tt0119528,2020-11-27,,Mentiroso compulsivo,Liar Liar,https://www.imdb.com/title/tt0119528/,Película,"Comedia, Fantasía",7,2020-05-06,br
tt1323594,2021-03-06,,Gru: Mi villano favorito,Despicable Me,https://www.imdb.com/title/tt1323594/,Película,"Animación, Aventura, Comedia, Crimen, Familiar, Ciencia ficción",8,2021-05-15,br
tt1690953,2021-03-06,,Gru 2: Mi villano favorito,Despicable Me 2,https://www.imdb.com/title/tt1690953/,Película,"Animación, Aventura, Comedia, Crimen, Familiar, Ciencia ficción",7,2018-11-08,br
tt2293640,2021-03-06,,Los minions,Minions,https://www.imdb.com/title/tt2293640/,Película,"Animación, Aventura, Comedia, Crimen, Familiar, Ciencia ficción",6,2015-11-11,br
tt2096673,2021-03-06,,Del revés (Inside Out),Inside Out,https://www.imdb.com/title/tt2096673/,Película,"Animación, Aventura, Comedia, Drama, Familiar, Fantasía",7,2021-03-06,br
tt0078788,2021-03-06,,Apocalypse Now,Apocalypse Now,https://www.imdb.com/title/tt0078788/,Película,"Drama, Misterio, Bélico",8,2021-04-17,br
tt0093058,2021-03-06,,La chaqueta metálica,Full Metal Jacket,https://www.imdb.com/title/tt0093058/,Película,"Drama, Bélico",7,2022-02-14,br
tt1210042,2021-04-03,,Los amos de Brooklyn,Brooklyn's Finest,https://www.imdb.com/title/tt1210042/,Película,"Crimen, Drama, Suspense",8,2021-04-17,br
tt0432021,2021-04-03,,Resident Evil: Extinción,Resident Evil: Extinction,https://www.imdb.com/title/tt0432021/,Película,"Acción, Terror, Ciencia ficción",7,2021-04-04,br
tt0433362,2021-04-03,,Daybreakers,Daybreakers,https://www.imdb.com/title/tt0433362/,Película,"Acción, Terror, Ciencia ficción, Suspense",6,2021-04-28,br
tt1220634,2021-04-03,,Resident Evil: Ultratumba,Resident Evil: Afterlife,https://www.imdb.com/title/tt1220634/,Película,"Acción, Terror, Ciencia ficción",6,2021-04-06,br
tt0117705,2021-04-15,,Space Jam,Space Jam,https://www.imdb.com/title/tt0117705/,Película,"Animación, Aventura, Comedia, Familiar, Fantasía, Ciencia ficción, Deporte",7,2021-11-28,br
tt0099785,2021-04-15,,Solo en casa,Home Alone,https://www.imdb.com/title/tt0099785/,Película,"Comedia, Familiar",8,2021-05-01,br
tt1772341,2021-04-15,,¡Rompe Ralph!,Wreck-It Ralph,https://www.imdb.com/title/tt1772341/,Película,"Animación, Aventura, Comedia, Familiar, Fantasía, Ciencia ficción, Deporte",8,2013-02-19,br
tt5848272,2021-04-15,,Ralph rompe Internet,Ralph Breaks the Internet,https://www.imdb.com/title/tt5848272/,Película,"Animación, Aventura, Comedia, Familiar, Fantasía, Ciencia ficción, Deporte",7,2021-04-15,br
tt1798684,2021-05-17,,Redención (Southpaw),Southpaw,https://www.imdb.com/title/tt1798684/,Película,"Acción, Drama, Deporte",8,2017-05-23,br
tt2543164,2021-05-17,,La llegada (Arrival),Arrival,https://www.imdb.com/title/tt2543164/,Película,"Drama, Misterio, Ciencia ficción",8,2021-05-14,br
tt1675434,2021-05-17,,Intocable,Intouchables,https://www.imdb.com/title/tt1675434/,Película,"Comedia, Drama",9,2021-05-28,br
tt4172430,2021-05-17,,13 horas: Los soldados secretos de Bengasi,13 Hours: The Secret Soldiers of Benghazi,https://www.imdb.com/title/tt4172430/,Película,"Acción, Drama, Historia, Suspense, Bélico",8,2020-06-13,br
tt0119174,2021-08-10,,The Game,The Game,https://www.imdb.com/title/tt0119174/,Película,"Drama, Misterio, Suspense",8,2013-07-02,br
tt2302755,2021-08-12,,Objetivo: La Casa Blanca,Olympus Has Fallen,https://www.imdb.com/title/tt2302755/,Película,"Acción, Suspense",7,2021-08-25,br
tt3300542,2021-08-12,,Objetivo: Londres,London Has Fallen,https://www.imdb.com/title/tt3300542/,Película,"Acción, Suspense",,,br
tt0119116,2021-08-12,,El quinto elemento,The Fifth Element,https://www.imdb.com/title/tt0119116/,Película,"Acción, Aventura, Ciencia ficción",7,2020-05-28,br
tt1245526,2021-08-12,,RED,RED,https://www.imdb.com/title/tt1245526/,Película,"Acción, Comedia, Crimen, Suspense",7,2021-08-24,br
tt1821694,2021-08-12,,RED 2,RED 2,https://www.imdb.com/title/tt1821694/,Película,"Acción, Comedia, Crimen, Suspense",7,2022-09-04,br
tt0058461,2021-08-31,,Por un puñado de dólares,Per un pugno di dollari,https://www.imdb.com/title/tt0058461/,Película,"Drama, Del oeste",7,2021-09-29,br
tt0059578,2021-08-31,,La muerte tenía un precio,Per qualche dollaro in più,https://www.imdb.com/title/tt0059578/,Película,"Drama, Del oeste",7,2021-09-29,br
tt0060196,2021-08-31,,"El bueno, el feo y el malo","Il buono, il brutto, il cattivo",https://www.imdb.com/title/tt0060196/,Película,"Aventura, Drama, Del oeste",,,br
tt0119822,2021-08-31,,Mejor... imposible,As Good as It Gets,https://www.imdb.com/title/tt0119822/,Película,"Comedia, Drama, Romance",8,2021-09-02,br
tt1663202,2021-09-05,,El renacido (The Revenant),The Revenant,https://www.imdb.com/title/tt1663202/,Película,"Aventura, Drama, Del oeste",8,2022-01-21,br
tt0375679,2021-12-08,,Crash (Colisión),Crash,https://www.imdb.com/title/tt0375679/,Película,"Crimen, Drama, Suspense",9,2013-12-28,br
tt5433138,2022-01-25,,Fast & Furious 9,F9,https://www.imdb.com/title/tt5433138/,Película,"Acción, Crimen, Suspense",7,2021-08-10,br
tt0093773,2022-01-25,,Depredador,Predator,https://www.imdb.com/title/tt0093773/,Película,"Acción, Aventura, Terror, Ciencia ficción",8,2022-01-26,br
tt0100403,2022-01-25,,Depredador 2,Predator 2,https://www.imdb.com/title/tt0100403/,Película,"Acción, Terror, Ciencia ficción",6,2022-01-26,br
tt1424381,2022-01-25,,Predators,Predators,https://www.imdb.com/title/tt1424381/,Película,"Acción, Aventura, Ciencia ficción, Suspense",6,2017-05-12,br
tt3829266,2022-01-25,,Predator,The Predator,https://www.imdb.com/title/tt3829266/,Película,"Acción, Aventura, Ciencia ficción, Suspense",7,2018-11-28,br
tt0995832,2022-03-11,,Generation Kill,Generation Kill,https://www.imdb.com/title/tt0995832/,MiniSerie,"Drama, Bélico",8,2022-09-04,br
tt1121931,2022-04-09,,Crank: Alto voltaje,Crank: High Voltage,https://www.imdb.com/title/tt1121931/,Película,"Acción, Suspense",7,2022-04-09,br
tt0109040,2022-05-20,,Ace Ventura: Un detective diferente,Ace Ventura: Pet Detective,https://www.imdb.com/title/tt0109040/,Película,Comedia,8,2013-01-09,br
tt0112281,2022-05-20,,Ace Ventura: Operación África,Ace Ventura: When Nature Calls,https://www.imdb.com/title/tt0112281/,Película,"Aventura, Comedia, Crimen",8,2020-11-16,br
tt0113277,2022-06-27,,Heat,Heat,https://www.imdb.com/title/tt0113277/,Película,"Acción, Crimen, Drama",8,2022-09-04,br
tt6468322,2022-08-18,,La casa de papel,La casa de papel,https://www.imdb.com/title/tt6468322/,Serie,"Acción, Crimen, Drama, Misterio, Suspense",7,2025-02-13,br
tt1442449,2022-08-18,,Spartacus,Spartacus,https://www.imdb.com/title/tt1442449/,Serie,"Acción, Aventura, Biografía, Drama, Romance",8,2025-02-13,br
tt1025100,2022-08-18,,Géminis,Gemini Man,https://www.imdb.com/title/tt1025100/,Película,"Acción, Ciencia ficción, Suspense",7,2019-11-24,br
tt0947810,2022-08-18,,Green Zone: Distrito protegido,Green Zone,https://www.imdb.com/title/tt0947810/,Película,"Acción, Drama, Suspense, Bélico",7,2025-02-13,br
tt2713180,2022-08-18,,Corazones de acero,Fury,https://www.imdb.com/title/tt2713180/,Película,"Acción, Drama, Bélico",8,2015-01-18,br
tt12412888,2022-09-15,,Sonic 2: La película,Sonic the Hedgehog 2,https://www.imdb.com/title/tt12412888/,Película,"Acción, Aventura, Comedia, Familiar, Fantasía, Ciencia ficción",8,2022-05-17,br
tt10838180,2022-11-27,,Matrix Resurrections,The Matrix Resurrections,https://www.imdb.com/title/tt10838180/,Película,"Acción, Ciencia ficción",7,2021-12-28,br
tt7888964,2022-11-27,,Nadie,Nobody,https://www.imdb.com/title/tt7888964/,Película,"Acción, Crimen, Drama, Suspense",8,2022-12-03,br
tt6139732,2022-11-27,,Aladdín,Aladdin,https://www.imdb.com/title/tt6139732/,Película,"Aventura, Comedia, Familiar, Fantasía, Musical, Romance",7,2019-08-23,br
tt3554046,2022-11-27,,Space Jam: Nuevas leyendas,Space Jam: A New Legacy,https://www.imdb.com/title/tt3554046/,Película,"Animación, Aventura, Comedia, Familiar, Fantasía, Ciencia ficción, Deporte",7,2022-11-27,br
tt4425200,2022-11-27,,John Wick: Pacto de sangre,John Wick: Chapter 2,https://www.imdb.com/title/tt4425200/,Película,"Acción, Crimen, Suspense",8,2020-02-10,br
tt6146586,2022-11-27,,John Wick: Capítulo 3 - Parabellum,John Wick: Chapter 3 - Parabellum,https://www.imdb.com/title/tt6146586/,Película,"Acción, Crimen, Drama, Suspense",8,2019-09-17,br
tt2381941,2022-12-27,,Focus,Focus,https://www.imdb.com/title/tt2381941/,Película,"Comedia, Crimen, Drama, Romance",7,2015-05-18,br
tt3032476,2023-01-12,,Better Call Saul,Better Call Saul,https://www.imdb.com/title/tt3032476/,Serie,"Crimen, Drama",9,2023-01-12,br
tt9764386,2023-01-14,,30 Monedas,30 Monedas,https://www.imdb.com/title/tt9764386/,Serie,"Drama, Fantasía, Terror, Misterio, Suspense",7,2025-02-13,br
tt1535108,2023-01-14,,Elysium,Elysium,https://www.imdb.com/title/tt1535108/,Película,"Acción, Drama, Ciencia ficción, Suspense",7,2023-01-22,br
tt1764234,2023-01-27,,Mátalos suavemente,Killing Them Softly,https://www.imdb.com/title/tt1764234/,Película,"Crimen, Drama, Suspense",6,2023-02-18,br
tt0840361,2023-01-27,,The Town: Ciudad de ladrones,The Town,https://www.imdb.com/title/tt0840361/,Película,"Crimen, Drama, Suspense",8,2023-02-26,br
tt7959026,2023-01-27,,Mula,The Mule,https://www.imdb.com/title/tt7959026/,Película,"Crimen, Drama, Suspense",7,2019-03-23,br
tt2080374,2023-01-27,,Steve Jobs,Steve Jobs,https://www.imdb.com/title/tt2080374/,Película,"Biografía, Drama",7,2023-02-23,br
tt10883660,2023-02-20,,Antidisturbios,Antidisturbios,https://www.imdb.com/title/tt10883660/,Serie,"Acción, Crimen, Drama, Suspense",8,2023-10-27,br
tt1502397,2023-02-20,,Bad Boys for Life,Bad Boys for Life,https://www.imdb.com/title/tt1502397/,Película,"Acción, Comedia, Crimen, Suspense",7,2023-04-09,br
tt1060277,2023-02-20,,Monstruoso,Cloverfield,https://www.imdb.com/title/tt1060277/,Película,"Acción, Terror, Ciencia ficción, Suspense",7,2023-04-07,br
tt2312718,2023-02-20,,El protector (Homefront),Homefront,https://www.imdb.com/title/tt2312718/,Película,"Acción, Crimen, Suspense",7,2023-04-28,br
tt2543472,2023-03-12,,Wonder,Wonder,https://www.imdb.com/title/tt2543472/,Película,"Drama, Familiar",8,2020-05-22,br
tt1285482,2023-03-25,,Dead set: Muerte en directo,Dead Set,https://www.imdb.com/title/tt1285482/,MiniSerie,"Drama, Terror, Reality, Ciencia ficción, Suspense",8,2023-03-26,br
tt6133466,2023-04-08,,La primera purga: La noche de las bestias,The First Purge,https://www.imdb.com/title/tt6133466/,Película,"Acción, Terror, Ciencia ficción, Suspense",7,2018-10-10,br
tt1319743,2023-04-08,,Ases calientes 2: Baile de asesinos,Smokin' Aces 2: Assassins' Ball,https://www.imdb.com/title/tt1319743/,Vídeo,"Acción, Comedia, Crimen, Suspense",6,2023-06-18,br
tt0203009,2023-04-29,,Moulin Rouge,Moulin Rouge!,https://www.imdb.com/title/tt0203009/,Película,"Drama, Musical, Romance",7,2023-04-30,br
tt2592614,2023-06-19,,Resident Evil: El capítulo final,Resident Evil: The Final Chapter,https://www.imdb.com/title/tt2592614/,Película,"Acción, Terror, Ciencia ficción, Suspense",6,2017-04-14,br
tt2911666,2023-07-02,,John Wick (Otro día para matar),John Wick,https://www.imdb.com/title/tt2911666/,Película,"Acción, Crimen, Suspense",8,2017-02-18,br
tt1598778,2023-07-08,,Contagio,Contagion,https://www.imdb.com/title/tt1598778/,Película,"Drama, Suspense",7,2020-03-30,br
tt1130884,2023-08-20,,Shutter Island,Shutter Island,https://www.imdb.com/title/tt1130884/,Película,"Drama, Misterio, Suspense",8,2023-10-02,br
tt1437358,2023-08-20,,Mientras duermes,Mientras duermes,https://www.imdb.com/title/tt1437358/,Película,"Crimen, Drama, Suspense",9,2023-09-01,br
tt1630029,2023-09-03,,Avatar: El sentido del agua,Avatar: The Way of Water,https://www.imdb.com/title/tt1630029/,Película,"Animación, Acción, Aventura, Fantasía, Ciencia ficción",6,2024-02-18,br
tt1992386,2023-09-07,Game 6€,Black Lagoon: Roberta's Blood Trail,Black Lagoon: Roberta's Blood Trail,https://www.imdb.com/title/tt1992386/,MiniSerie,"Animación, Acción, Aventura, Crimen, Drama, Suspense",7,2024-02-18,br
tt3263904,2023-10-20,Cex 6€,Sully,Sully,https://www.imdb.com/title/tt3263904/,Película,"Biografía, Drama",8,2016-12-26,br
tt1403177,2023-10-27,Amazon 10€,Hesher,Hesher,https://www.imdb.com/title/tt1403177/,Película,"Comedia, Drama",8,2025-11-12,br
tt0332379,2023-11-26,,Escuela de rock,School of Rock,https://www.imdb.com/title/tt0332379/,Película,"Comedia, Música",8,2019-05-13,br
tt6264654,2023-11-27,,Free Guy,Free Guy,https://www.imdb.com/title/tt6264654/,Película,"Acción, Aventura, Comedia, Fantasía, Romance, Ciencia ficción",6,2021-09-30,br
tt0369702,2023-11-28,,Mar adentro,Mar adentro,https://www.imdb.com/title/tt0369702/,Película,"Biografía, Drama",7,2024-10-21,br
tt0477348,2023-11-28,,No es país para viejos,No Country for Old Men,https://www.imdb.com/title/tt0477348/,Película,"Crimen, Drama, Suspense",8,2023-12-25,br
tt3833480,2023-11-28,,The Outpost,The Outpost,https://www.imdb.com/title/tt3833480/,Película,"Acción, Drama, Historia, Bélico",8,2020-07-12,br
tt0120863,2023-11-28,,La delgada línea roja,The Thin Red Line,https://www.imdb.com/title/tt0120863/,Película,"Drama, Historia, Bélico",,,br
tt5433140,2023-11-28,,Fast & Furious X,Fast X,https://www.imdb.com/title/tt5433140/,Película,"Acción, Aventura, Crimen, Misterio, Suspense",8,2023-06-17,br
tt0265086,2023-11-28,,Black Hawk derribado,Black Hawk Down,https://www.imdb.com/title/tt0265086/,Película,"Acción, Drama, Historia, Bélico",8,2022-02-15,br
tt0363547,2023-12-03,,Amanecer de los muertos,Dawn of the Dead,https://www.imdb.com/title/tt0363547/,Película,"Acción, Terror",8,2021-06-17,br
tt0094737,2023-12-07,Fnac 12.95€,Big,Big,https://www.imdb.com/title/tt0094737/,Película,"Comedia, Drama, Fantasía, Romance",8,2021-03-30,br
tt0319061,2023-12-17,Cex 5€,Big Fish,Big Fish,https://www.imdb.com/title/tt0319061/,Película,"Aventura, Drama, Fantasía, Romance",7,2025-02-13,br
tt2229499,2024-01-27,CEX 4€,Don Jon,Don Jon,https://www.imdb.com/title/tt2229499/,Película,"Comedia, Drama, Romance",7,2021-10-02,br
tt1591479,2024-03-14,Cex 6€,Acto de valor,Act of Valor,https://www.imdb.com/title/tt1591479/,Película,"Acción, Aventura, Suspense, Bélico",7,2024-03-30,br
tt1823672,2024-04-05,Cex 12€,Chappie,Chappie,https://www.imdb.com/title/tt1823672/,Película,"Acción, Crimen, Drama, Ciencia ficción, Suspense",8,2024-01-12,br
tt0120804,2024-04-20,Cex 8€,Resident Evil,Resident Evil,https://www.imdb.com/title/tt0120804/,Película,"Acción, Terror, Ciencia ficción",6,2012-04-04,br
tt21881982,2024-04-21,ECI 13.3€,Campeonex,Campeonex,https://www.imdb.com/title/tt21881982/,Película,"Comedia, Deporte",6,2024-07-28,br
tt9484998,2024-04-24,Amazon 12€,Palm Springs,Palm Springs,https://www.imdb.com/title/tt9484998/,Película,"Comedia, Fantasía, Misterio, Romance, Ciencia ficción",7,2020-07-22,br
tt1853728,2024-06-08,Cex 6€,Django desencadenado,Django Unchained,https://www.imdb.com/title/tt1853728/,Película,"Drama, Del oeste",8,2013-04-07,br
tt0332452,2024-09-01,Regalo,Troya,Troy,https://www.imdb.com/title/tt0332452/,Película,"Acción, Aventura, Drama",,,br
tt5052474,2024-09-01,Regalo,Sicario: El día del soldado,Sicario: Day of the Soldado,https://www.imdb.com/title/tt5052474/,Película,"Acción, Crimen, Drama, Misterio, Suspense",8,2024-09-24,br
tt0887912,2024-09-04,Cex 3€,En tierra hostil,The Hurt Locker,https://www.imdb.com/title/tt0887912/,Película,"Drama, Suspense, Bélico",7,2022-09-23,br
tt4866712,2024-09-18,Cex 5€,El pregón,El pregón,https://www.imdb.com/title/tt4866712/,Película,"Comedia, Musical",6,2025-02-13,br
tt1636826,2024-11-30,Cex 6€,Project X,Project X,https://www.imdb.com/title/tt1636826/,Película,"Comedia, Suspense",6,2012-07-08,br
tt5390504,2024-12-23,Cex 8€,Detroit,Detroit,https://www.imdb.com/title/tt5390504/,Película,"Crimen, Drama, Historia, Suspense",7,2025-10-27,br
tt18412256,2025-01-06,Regalo reyes,Alien: Romulus,Alien: Romulus,https://www.imdb.com/title/tt18412256/,Película,"Terror, Ciencia ficción, Suspense",8,2024-10-28,br
tt0418763,2025-01-18,Cex 6€,Jarhead - El infierno espera,Jarhead,https://www.imdb.com/title/tt0418763/,Película,"Biografía, Drama, Bélico",8,2013-04-28,br
tt0382625,2025-01-18,Cex 5€,El código Da Vinci,The Da Vinci Code,https://www.imdb.com/title/tt0382625/,Película,"Misterio, Suspense",6,2023-01-06,br
tt0808151,2025-01-18,Cex 5€,Ángeles y demonios,Angels & Demons,https://www.imdb.com/title/tt0808151/,Película,"Misterio, Suspense",7,2025-02-13,br
tt0421715,2025-02-08,Cex 4€,El curioso caso de Benjamin Button,The Curious Case of Benjamin Button,https://www.imdb.com/title/tt0421715/,Película,"Drama, Fantasía, Romance",,,br
tt18259086,2025-05-30,Cex 15€,Sonic 3: La película,Sonic the Hedgehog 3,https://www.imdb.com/title/tt18259086/,Película,"Acción, Aventura, Comedia, Familiar, Fantasía, Ciencia ficción",8,2025-02-03,br
tt0475394,2025-05-30,Cex 5€,Ases calientes,Smokin' Aces,https://www.imdb.com/title/tt0475394/,Película,"Acción, Comedia, Crimen, Drama, Suspense",,,br
tt0360486,2025-07-18,Amazon 12.93€,Constantine,Constantine,https://www.imdb.com/title/tt0360486/,Película,"Acción, Fantasía, Terror, Misterio",7,2018-10-02,br
tt1855325,2025-07-26,Cex,Resident Evil: Venganza,Resident Evil: Retribution,https://www.imdb.com/title/tt1855325/,Película,"Acción, Terror, Ciencia ficción, Suspense",7,2013-01-26,br
tt16021642,2025-12-02,ECI 14€,Apagón,Apagón,https://www.imdb.com/title/tt16021642/,Serie,Drama,7,2025-12-20,br
tt4524056,2025-12-02,ECI 30€,Vis a vis,Vis a vis,https://www.imdb.com/title/tt4524056/,Serie,"Crimen, Drama, Suspense",,,br
tt0362227,2025-12-02,ECI 7.75€,La terminal,The Terminal,https://www.imdb.com/title/tt0362227/,Película,"Comedia, Drama, Romance",7,2026-01-28,br
tt0120910,2025-12-02,ECI 7.75€,Fantasía 2000,Fantasia 2000,https://www.imdb.com/title/tt0120910/,Película,"Animación, Familiar, Fantasía, Música",,,br
tt14614892,2026-01-18,ECI 11.85€,Dragon Ball Super: Super Hero,Doragon boru supa: Supa hiro,https://www.imdb.com/title/tt14614892/,Película,"Animación, Acción, Aventura, Fantasía",8,2023-01-07,br
tt3720724,2026-01-22,ECI 8€,Requisitos para ser una persona normal,Requisitos para ser una persona normal,https://www.imdb.com/title/tt3720724/,Película,"Comedia, Romance",7,2018-07-17,br
tt3553976,2026-02-02,ECI 9.75€,Captain Fantastic,Captain Fantastic,https://www.imdb.com/title/tt3553976/,Película,"Comedia,Drama,Aventuras",7,2026-02-21,br
tt0128442,2026-02-22,,Rounders,,https://www.imdb.com/title/tt0128442/,Película,"Atracos,Crimen,Drama",8,2026-02-22,dvd
tt1258197,2026-02-22,,Exam,,https://www.imdb.com/title/tt1258197/,Película,"Thriller,Thriller psicológico,Crimen,Misterio",7,2026-02-22,dvd
tt0074285,2026-02-22,,Carrie,,https://www.imdb.com/title/tt0074285/,Película,"Drama psicológico,Horror,Terror,Sobrenatural",7,2026-02-22,dvd
tt0315327,2026-02-22,,Como Dios,Bruce Almighty,https://www.imdb.com/title/tt0315327/,Película,"Comedia,Fantasía",8,2026-02-22,dvd
tt0317248,2026-02-22,,Ciudad de Dios,Cidade de Deus,https://www.imdb.com/title/tt0317248/,Película,"Portugués,Drama,Gángster",9,2026-02-22,dvd
tt0175142,2026-02-22,,Scary Movie,,https://www.imdb.com/title/tt0175142/,Película,"Comedia,Parodia",6,2026-02-22,dvd
tt0284837,2026-02-22,,Ali G,Ali G Indahouse,https://www.imdb.com/title/tt0284837/,Película,Comedia,7,2026-02-22,dvd
tt0081505,2026-02-22,,El resplandor,The Shining,https://www.imdb.com/title/tt0081505/,Película,"Drama,Horror,Horror psicológico,Terror,Sobrenatural",8,2026-02-22,dvd
tt0298203,2026-02-22,,8 Millas,8 Mile,https://www.imdb.com/title/tt0298203/,Película,"Drama,Música",7,2026-02-22,dvd
tt0407658,2026-02-22,,Las Crónicas de Riddick: Dark Fury,The Chronicles of Riddick: Dark Fury,https://www.imdb.com/title/tt0407658/,Película,"Animación,Ciencia Ficción,Acción",,2026-02-22,dvd
tt0328832,2026-02-22,,Animatrix,The Animatrix,https://www.imdb.com/title/tt0328832/,Película,"Animación,Cyberpunk,Acción,Ciencia Ficción",,2026-02-22,dvd
tt0375679,2026-02-22,,Crash (Colisión),Crash,https://www.imdb.com/title/tt0375679/,Película,"Drama,Tragedia,Crimen,Thriller",9,2026-02-22,dvd
tt0213149,2026-02-22,,Pearl Harbor,,https://www.imdb.com/title/tt0213149/,Película,"Acción,Dramaa,Bélica,Épica,Guerra",,2026-02-22,dvd
tt0455275,2026-02-22,,Prison Break,Prison Break,https://www.imdb.com/title/tt0455275/,Serie,"Drama,Thriller,Acción,Crimen",,2026-02-22,dvd
tt1119646,2026-02-22,,Resacón en Las Vegas,The Hangover,https://www.imdb.com/title/tt1119646/,Película,Comedia,8,2026-02-22,dvd
tt1411697,2026-02-22,,Resacón 2: ¡Ahora en Tailandia!,The Hangover Part II,https://www.imdb.com/title/tt1411697/,Película,Comedia,8,2026-02-22,dvd
tt1951261,2026-02-22,,R3sacón,The Hangover Part III,https://www.imdb.com/title/tt1951261/,Película,Comedia,8,2026-02-22,dvd
tt0214341,2022-11-24,,Dragon Ball Z,,https://www.imdb.com/title/tt0214341/,Serie,"Animación,Ciencia Ficción,Fantasía,Artes Marciales,Superhéroes,Acción",9,2026-02-22,dvd
tt1119644,2026-02-22,,Fringe (Al límite),Fringe,https://www.imdb.com/title/tt1119644/,Serie,"Misterio,Ciencia Ficción,Drama,Thriller",8,2026-02-22,dvd
tt0185906,2026-02-22,,Hermanos de sangre,Band of Brothers,https://www.imdb.com/title/tt0185906/,Serie,"Drama,Épica,Bélica,Tragedia,Guerra,Acción,Historia",9,2026-02-22,dvd
tt0142251,2022-11-24,,Dragon Ball: La leyenda del dragón Xeron,Dragon Ball: Shenron no Densetsu,https://www.imdb.com/title/tt0142251/,Película,"Animación,Acción,Superhéroes",6,2026-02-22,dvd
tt0142249,2022-11-24,,Dragon Ball: La bella durmiente en el castillo del mal,Doragon Bôru Majin-Jô no Nemuri Hime,https://www.imdb.com/title/tt0142249/,Película,"Animación,Acción",6,2026-02-22,dvd
tt0142248,2022-11-24,,Dragon Ball: Aventura mística,Dragon Ball: Makafushigi Dai Bôken,https://www.imdb.com/title/tt0142248/,Película,"Animación,Acción,Aventuras",6,2026-02-22,dvd
tt0142235,2022-11-24,,Dragon Ball Z: El secuestro de Gohan,Doragon Boru Zetto: Ora no Gohan o Kaese!!,https://www.imdb.com/title/tt0142235/,Película,"Animación,Acción,Superhéroes,Fantasía,Ciencia Ficción",6,2026-02-22,dvd
tt0142240,2022-11-24,,Dragon Ball Z: El más fuerte del mundo,Doragon boru Z: Konoyo de ichiban tsuyoi yatsu,https://www.imdb.com/title/tt0142240/,Película,"Animación,Acción,Aventuras,Ciencia Ficción",7,2026-02-22,dvd
tt0142233,2022-11-24,,Dragon Ball Z: La super batalla,Doragon boru Z: Chikyû marugoto chôkessen,https://www.imdb.com/title/tt0142233/,Película,"Animación,Acción,Aventuras,Ciencia Ficción",7,2026-02-22,dvd
tt0142244,2022-11-24,,Dragon Ball Z: El super guerrero Son Goku,Dragon Ball Z: Super Saiya-jin da Son Gokû,https://www.imdb.com/title/tt0142244/,Película,"Animación,Acción,Aventuras,Superhéroes,Fantasía",,2026-02-22,dvd
tt1125254,2022-11-24,,Dragon Ball Z: Los mejores rivales,Doragon bôru Zetto: Tobikkiri no Saikyô tai Saikyô,https://www.imdb.com/title/tt1125254/,Película,"Animación,Acción,Aventuras,Ciencia Ficción",7,2026-02-22,dvd
tt0142237,2022-11-24,,Dragon Ball Z: Guerreros de fuerza ilimitada,Dragon Ball Z: Gekitotsu!! 100-oku Power no Senshi-tachi,https://www.imdb.com/title/tt0142237/,Película,"Animación,Acción,Ciencia Ficción",7,2026-02-22,dvd
tt0142241,2022-11-24,,Dragon Ball Z: Los 3 grandes Supersayanos,Doragon bôru Z: Kyokugen batoru!! San dai sûpâ saiyajin,https://www.imdb.com/title/tt0142241/,Película,"Animación,Acción",7,2026-02-22,dvd
tt0110357,2020-11-27,,El rey león,The Lion King,https://www.imdb.com/title/tt0110357/,Película,"Animación, Aventura, Drama, Familiar, Musical",9,2019-10-13,br
tt0142242,2022-11-24,,Dragon Ball Z: Estalla el Duelo,Dragon Ball Z: Moetsukiro!! Nessen Ressen Chô-Gekisen,https://www.imdb.com/title/tt0142242/,Película,"Animación,Acción,Superhéroes",8,2026-02-23,dvd
tt0142238,2022-11-24,,Dragon Ball Z: Los guerreros de plata,Dragon Ball Z: Ginga Giri-Giri!! Butchigiri no Sugoi Yatsu,https://www.imdb.com/title/tt0142238/,Película,"Animación,Acción,Superhéroes",8,2026-02-23,dvd
tt0142239,2022-11-24,,Dragon Ball Z: El regreso de Broly,Dragon Ball Z: Kiken na Futari! Super Senshi wa Nemurenai,https://www.imdb.com/title/tt0142239/,Película,"Animación,Acción,Superhéroes",,2026-02-23,dvd
tt0142234,2022-11-24,,Dragon Ball Z: El combate definitivo,Dragon Ball Z: Super Senshi Gekiha!! Katsu No wa Ore da,https://www.imdb.com/title/tt0142234/,Película,"Animación,Acción,Superhéroes",,2026-02-23,dvd
tt0142236,2022-11-24,,Dragon Ball Z: Fusión,Dragon Ball Z: Fukkatsu no Fusion!! Gokuu to Vegeta,https://www.imdb.com/title/tt0142236/,Película,"Animación,Acción,Superhéroes",8,2026-02-23,dvd
tt0142243,2022-11-24,,Dragon Ball Z: El ataque del dragón,Doragon Bôru Zetto Ryû-Ken Bakuhatsu!! Gokû ga Yaraneba Dare ga Yaru,https://www.imdb.com/title/tt0142243/,Película,"Animación,Acción,Superhéroes",8,2026-02-23,dvd
tt0142250,2022-11-24,,Dragon Ball: El camino hacia el más fuerte,Doragon bôru: Saikyô e no michi,https://www.imdb.com/title/tt0142250/,Película,"Animación,Acción,Aventuras,Comedia,Fantasía",,2026-02-23,dvd
tt2263944,2022-11-24,,Dragon Ball Z: La batalla de los dioses,Doragon Bôru Zetto Kami to Kami,https://www.imdb.com/title/tt2263944/,Película,"Animación,Acción,Superhéroes,Aventuras,Comedia",8,2026-02-23,dvd
tt3819668,2022-11-24,,Dragon Ball Z: La resurrección de F,Doragon Bôru Zetto Fukkatsu no 'Efu',https://www.imdb.com/title/tt3819668/,Película,"Animación,Acción,Superhéroes,Aventuras",,2026-02-23,dvd
tt7961060,2022-11-24,,Dragon Ball Super: Broly,Doragon Bôru Sûpâ Burorî,https://www.imdb.com/title/tt7961060/,Película,"Animación,Acción,Aventuras,Superhéroes",8,2026-02-23,dvd
tt0142245,2022-11-24,,Dragon Ball Z: El último combate,Doragon Bôru Zetto Tatta Hitori no Saishû Kessen,https://www.imdb.com/title/tt0142245/,Película,"Animación,Acción,Drama,Fantasía",,2026-02-23,dvd
tt0142247,2022-11-24,,Dragon Ball Z: Un futuro diferente - Gohan y Trunks,Doragon Bôru Zetto Zetsubô e no Hankô!! Nokosareta Chô-Senshi Gohan to Torankusu,https://www.imdb.com/title/tt0142247/,Película,"Animación,Acción,Superhéroes,Aventuras",,2026-02-23,dvd
tt0142232,2022-11-24,,Dragon Ball GT: 100 años después,Gokû Gaiden! Yûki no Akashi wa Sûshinchû,https://www.imdb.com/title/tt0142232/,Película,"Animación,Acción,Superhéroes,Comedia,Aventuras,Drama,Familia,Fantasía",,2026-02-23,dvd
